Model,AUC,ACC
DIRT_1,0.7067,0.6941
DIRT_2,0.7427,0.7223
DIRT_3,0.7430,0.7225
DIRT_4,0.7442,0.7238
DIRT+_1,0.7120955176484459,0.6942341586235837
DIRT+_2,0.7495485429116118,0.7294838438942509
DIRT+_3,0.7472484462208492,0.7334116659672681
DIRT+_4,0.745831843697001,0.732656315568611
