Dataset,#Students,#Exercises,#Concepts,#Interactions,Correct Rate
ASSIST2009,3079,17671,123,271468,0.658294900319743
ASSIST2012,25270,32726,252,2536321,0.6978911580986792
KDDCup,7528,26964,373,1408029,0.8371581835317312
