Model,Stage,Validation AUC,Validation ACC,Validation RMSE,Test AUC,Test ACC,Test RMSE,Best Epoch
DIRT+_3,stage1,0.750296076853282,0.7357399883923389,0.45418715687128586,N/A,N/A,N/A,5
DIRT+_3,stage2,0.7488687935744812,0.7363435867672664,0.4541470681561963,0.7472484462208492,0.7334116659672681,0.45464063246378544,3
DIRT+_4,stage1,0.748176458034923,0.732420197330238,0.45506057276506584,N/A,N/A,N/A,5
DIRT+_4,stage2,0.7462413581943474,0.7340684852002322,0.45482332173713813,0.745831843697001,0.732656315568611,0.4548985891994013,0
